,url,status_code,timestamp,depth
0,https://www.fortinet.com//demo-center,200,2024-01-10 11:05:18.559436,1
1,https://www.fortinet.com//support/product-downloads,200,2024-01-10 11:05:20.483718,1
2,https://site.fortinet.com/one/login,200,2024-01-10 11:05:25.428411,1
3,https://www.fortinet.com,200,2024-01-10 11:05:26.557380,1
4,https://www.fortinet.com/uk,200,2024-01-10 11:05:27.687927,1
5,https://www.fortinet.com/de,200,2024-01-10 11:05:28.863996,1
6,https://www.fortinet.com/fr,200,2024-01-10 11:05:30.342168,1
7,https://www.fortinet.com/it,200,2024-01-10 11:05:32.323919,1
8,https://www.fortinet.com/cn,200,2024-01-10 11:05:34.090653,1
9,https://www.fortinet.com/tw,200,2024-01-10 11:05:35.592717,1
10,https://www.fortinet.com/kr,200,2024-01-10 11:05:37.458146,1
11,https://www.fortinet.com/jp,200,2024-01-10 11:05:38.806636,1
12,https://www.fortinet.com/br,200,2024-01-10 11:05:40.556346,1
13,https://www.fortinet.com/lat,200,2024-01-10 11:05:41.870007,1
14,https://www.fortinet.com,200,2024-01-10 11:05:43.529081,1
15,https://www.fortinet.com,200,2024-01-10 11:05:45.020286,1
16,https://www.fortinet.com//products/next-generation-firewall,200,2024-01-10 11:05:47.364357,1
17,https://www.fortinet.com//products/private-cloud-security/fortigate-virtual-appliances,200,2024-01-10 11:05:50.138124,1
18,https://www.fortinet.com//products/public-cloud-security/cloud-native-firewall,200,2024-01-10 11:05:52.229510,1
19,https://www.fortinet.com//solutions/enterprise-midsize-business/security-as-a-service/fortiguard-subscriptions,200,2024-01-10 11:05:54.344224,1
20,https://www.fortinet.com//support/support-services/fortiguard-security-subscriptions/intrusion-prevention,200,2024-01-10 11:05:56.150837,1
21,https://www.fortinet.com//support/support-services/fortiguard-security-subscriptions/web-filtering,200,2024-01-10 11:05:58.174975,1
22,https://www.fortinet.com//support/support-services/fortiguard-security-subscriptions/dns-security,200,2024-01-10 11:06:00.483606,1
23,https://www.fortinet.com//support/support-services/fortiguard-security-subscriptions/inline-sandboxing,200,2024-01-10 11:06:02.892214,1
24,https://www.fortinet.com//support/support-services/fortiguard-security-subscriptions/security-rating,200,2024-01-10 11:06:04.883190,1
25,https://www.fortinet.com//support/support-services/fortiguard-security-subscriptions/security-rating,200,2024-01-10 11:06:06.107767,1
26,https://www.fortinet.com//products/management/fortimanager,200,2024-01-10 11:06:08.187575,1
27,https://www.fortinet.com//products/next-generation-firewall/forticonverter,200,2024-01-10 11:06:10.746343,1
28,https://www.fortinet.com//solutions/gartner-magic-quadrant-single-vendor-sase,200,2024-01-10 11:06:13.585552,1
29,https://www.fortinet.com//solutions/gartner-magic-quadrant-single-vendor-sase,200,2024-01-10 11:06:14.883062,1
30,https://www.fortinet.com//solutions/gartner-magic-quadrant-single-vendor-sase,200,2024-01-10 11:06:16.600892,1
31,https://www.fortinet.com//solutions/enterprise-midsize-business/network-security,200,2024-01-10 11:06:18.707347,1
32,https://www.fortinet.com//products/sd-wan,200,2024-01-10 11:06:21.158957,1
33,https://www.fortinet.com//products/sase,200,2024-01-10 11:06:23.240264,1
34,https://www.fortinet.com//solutions/enterprise-midsize-business/network-access/application-access,200,2024-01-10 11:06:25.123503,1
35,https://www.fortinet.com//products/secure-web-gateway/fortiproxy,200,2024-01-10 11:06:27.523382,1
36,https://www.fortinet.com//support/support-services/fortiguard-security-subscriptions/casb,200,2024-01-10 11:06:29.668817,1
37,https://www.fortinet.com//products/endpoint-security/forticlient,200,2024-01-10 11:06:31.226740,1
38,https://www.fortinet.com//products/identity-access-management,200,2024-01-10 11:06:33.431410,1
39,https://www.fortinet.com//products/fortitrust-identity,200,2024-01-10 11:06:35.598731,1
40,https://www.fortinet.com//products/fortipam,200,2024-01-10 11:06:37.601410,1
41,https://www.fortinet.com//products/management/fortimanager,200,2024-01-10 11:06:38.696136,1
42,https://www.fortinet.com//products/fortimonitor,200,2024-01-10 11:06:40.181576,1
43,https://www.fortinet.com//solutions/enterprise-midsize-business/security-as-a-service/fortiguard-subscriptions,200,2024-01-10 11:06:41.415621,1
44,https://www.fortinet.com//support/support-services/fortiguard-security-subscriptions/data-loss-prevention,200,2024-01-10 11:06:43.378552,1
45,https://www.fortinet.com//support/support-services/fortiguard-security-subscriptions/web-filtering,200,2024-01-10 11:06:44.526827,1
46,https://www.fortinet.com//support/support-services/fortiguard-security-subscriptions/intrusion-prevention,200,2024-01-10 11:06:45.843090,1
47,https://www.fortinet.com//support/support-services/fortiguard-security-subscriptions/dns-security,200,2024-01-10 11:06:47.126256,1
48,https://www.fortinet.com//support/support-services/fortiguard-security-subscriptions/socaas,200,2024-01-10 11:06:48.613757,1
49,https://www.fortinet.com//support/support-services/fortiguard-security-subscriptions/inline-sandboxing,200,2024-01-10 11:06:49.861867,1
50,https://www.fortinet.com//support/support-services/fortiguard-security-subscriptions/security-rating,200,2024-01-10 11:06:51.063149,1
51,https://www.fortinet.com//solutions/gartner-magic-quadrant-single-vendor-sase,200,2024-01-10 11:06:53.283715,1
52,https://www.fortinet.com//solutions/gartner-magic-quadrant-single-vendor-sase,200,2024-01-10 11:06:55.301843,1
53,https://www.fortinet.com//solutions/gartner-magic-quadrant-single-vendor-sase,200,2024-01-10 11:06:57.118031,1
54,https://www.fortinet.com//solutions/enterprise-midsize-business/universal-sase,200,2024-01-10 11:06:59.033920,1
55,https://www.fortinet.com//products/ethernet-switches,200,2024-01-10 11:07:01.212577,1
56,https://www.fortinet.com//products/wireless-access-points,200,2024-01-10 11:07:03.222843,1
57,https://www.fortinet.com//products/network-access-control,200,2024-01-10 11:07:05.460004,1
58,https://www.fortinet.com//products/fortilan-cloud,200,2024-01-10 11:07:07.351393,1
59,https://www.fortinet.com//products/sd-wan,200,2024-01-10 11:07:09.276403,1
60,https://www.fortinet.com//products/wireless-wan-fortiextender,200,2024-01-10 11:07:12.170282,1
61,https://www.fortinet.com//products/business-phone-systems/fortivoice-fortifone,200,2024-01-10 11:07:14.087722,1
62,https://www.fortinet.com//products/network-based-video-security/forticam-fortirecorder,200,2024-01-10 11:07:16.614732,1
63,https://www.fortinet.com//products/management/fortimanager,200,2024-01-10 11:07:17.821184,1
64,https://www.fortinet.com//products/fortiaiops,200,2024-01-10 11:07:19.845717,1
65,https://www.fortinet.com//solutions/enterprise-midsize-business/security-as-a-service/fortiguard-subscriptions,200,2024-01-10 11:07:21.282444,1
66,https://www.fortinet.com//support/support-services/fortiguard-security-subscriptions/intrusion-prevention,200,2024-01-10 11:07:23.021272,1
67,https://www.fortinet.com//support/support-services/fortiguard-security-subscriptions/security-rating,200,2024-01-10 11:07:24.479529,1
68,https://www.fortinet.com//support/support-services/fortiguard-security-subscriptions/web-filtering,200,2024-01-10 11:07:25.983132,1
69,https://www.fortinet.com//support/support-services/fortiguard-security-subscriptions/dns-security,200,2024-01-10 11:07:27.519618,1
70,https://www.fortinet.com//support/support-services/fortiguard-security-subscriptions/industrial-security,200,2024-01-10 11:07:29.776523,1
71,https://www.fortinet.com//solutions/gartner-wan-edge,200,2024-01-10 11:07:31.850931,1
72,https://www.fortinet.com//solutions/gartner-wan-edge,200,2024-01-10 11:07:33.124695,1
73,https://www.fortinet.com//solutions/gartner-wan-edge,200,2024-01-10 11:07:34.696361,1
74,https://www.fortinet.com//solutions/enterprise-midsize-business/network-security,200,2024-01-10 11:07:36.490269,1
75,https://www.fortinet.com//products/private-cloud-security/fortigate-virtual-appliances,200,2024-01-10 11:07:38.234075,1
76,https://www.fortinet.com//products/public-cloud-security/cloud-native-firewall,200,2024-01-10 11:07:39.545707,1
77,https://www.fortinet.com//products/ddos/fortiddos,200,2024-01-10 11:07:42.189955,1
78,https://www.fortinet.com//products/web-application-firewall/fortiweb,200,2024-01-10 11:07:44.342793,1
79,https://www.fortinet.com//products/application-delivery-controller/fortiadc,200,2024-01-10 11:07:46.331872,1
80,https://www.fortinet.com//products/dynamic-application-security-testing,200,2024-01-10 11:07:48.585700,1
81,https://www.fortinet.com//products/public-cloud-security/cloud-native-protection,200,2024-01-10 11:07:50.686320,1
82,https://www.fortinet.com//products/fortidevsec,200,2024-01-10 11:07:52.884328,1
83,https://www.fortinet.com//products/public-cloud-security/aws,200,2024-01-10 11:07:54.666020,1
84,https://www.fortinet.com//products/public-cloud-security/azure,200,2024-01-10 11:07:56.981520,1
85,https://www.fortinet.com//products/public-cloud-security/gcp,200,2024-01-10 11:07:59.207259,1
86,https://www.fortinet.com//products/public-cloud-security/OracleCloud,200,2024-01-10 11:08:01.463144,1
87,https://www.fortinet.com//solutions/enterprise-midsize-business/security-as-a-service/fortiguard-subscriptions,200,2024-01-10 11:08:03.054023,1
88,https://global.fortinet.com/lp-en-ap-2023cloudsecurityreport,200,2024-01-10 11:08:05.867955,1
89,https://global.fortinet.com/lp-en-ap-2023cloudsecurityreport,200,2024-01-10 11:08:09.696296,1
90,https://global.fortinet.com/lp-en-ap-2023cloudsecurityreport,200,2024-01-10 11:08:11.958270,1
91,https://www.fortinet.com//solutions/enterprise-midsize-business/application-security,200,2024-01-10 11:08:14.237862,1
92,https://www.fortinet.com//products/management/fortianalyzer,200,2024-01-10 11:08:16.489203,1
93,https://www.fortinet.com//products/siem/fortisiem,200,2024-01-10 11:08:18.210666,1
94,https://www.fortinet.com//products/fortisoar,200,2024-01-10 11:08:20.000259,1
95,https://www.fortinet.com//products/fortinet-advisor,200,2024-01-10 11:08:22.182314,1
96,https://www.fortinet.com//products/endpoint-security/fortiedr,200,2024-01-10 11:08:24.452652,1
97,https://www.fortinet.com//products/network-detection-and-response,200,2024-01-10 11:08:26.768719,1
98,https://www.fortinet.com//products/fortideceptor,200,2024-01-10 11:08:29.223975,1
99,https://www.fortinet.com//products/fortirecon,200,2024-01-10 11:08:31.332973,1
100,https://www.fortinet.com//support/support-services/fortiguard-security-subscriptions/inline-sandboxing,200,2024-01-10 11:08:33.576772,1
101,https://www.fortinet.com//products/email-security,200,2024-01-10 11:08:36.501208,1
102,https://www.fortinet.com//solutions/enterprise-midsize-business/endpoint-protection,200,2024-01-10 11:08:38.657728,1
103,https://www.fortinet.com//products/fortixdr,200,2024-01-10 11:08:40.479568,1
104,https://www.fortinet.com//solutions/enterprise-midsize-business/security-as-a-service/respond,200,2024-01-10 11:08:42.667233,1
105,https://www.fortinet.com//solutions/enterprise-midsize-business/security-as-a-service/security-advisory,200,2024-01-10 11:08:44.341129,1
106,https://www.fortinet.com//solutions/enterprise-midsize-business/security-as-a-service/ransomware-advisory,200,2024-01-10 11:08:46.820619,1
107,https://www.fortinet.com//solutions/enterprise-midsize-business/mdr,200,2024-01-10 11:08:48.424923,1
108,https://www.fortinet.com//support/support-services/fortiguard-security-subscriptions/socaas,200,2024-01-10 11:08:50.269024,1
109,https://www.fortinet.com//solutions/enterprise-midsize-business/security-as-a-service/fortiguard-subscriptions,200,2024-01-10 11:08:51.888789,1
110,https://www.fortinet.com//demand/gated/esg-economic-validation-fortinet-security-operations,200,2024-01-10 11:08:54.025497,1
111,https://www.fortinet.com//demand/gated/esg-economic-validation-fortinet-security-operations,200,2024-01-10 11:08:55.549866,1
112,https://www.fortinet.com//demand/gated/esg-economic-validation-fortinet-security-operations,200,2024-01-10 11:08:56.811973,1
113,https://www.fortinet.com//solutions/enterprise-midsize-business/security-operations,200,2024-01-10 11:08:58.691456,1
114,https://www.fortinet.com//solutions/enterprise-midsize-business/ot-security,200,2024-01-10 11:09:00.581916,1
115,https://www.fortinet.com//products/rugged-firewall,200,2024-01-10 11:09:03.189163,1
116,https://www.fortinet.com//products/siem/fortisiem,200,2024-01-10 11:09:04.644342,1
117,https://www.fortinet.com//products/fortisoar,200,2024-01-10 11:09:05.897434,1
118,https://www.fortinet.com//products/fortipam,200,2024-01-10 11:09:07.161452,1
119,https://www.fortinet.com//products/ethernet-switches,200,2024-01-10 11:09:08.438184,1
120,https://www.fortinet.com//products/endpoint-security/fortiedr,200,2024-01-10 11:09:09.752082,1
121,https://www.fortinet.com//solutions/enterprise-midsize-business/security-as-a-service/fortiguard-subscriptions,200,2024-01-10 11:09:10.992657,1
122,https://www.fortinet.com//support/support-services/fortiguard-security-subscriptions/industrial-security,200,2024-01-10 11:09:12.135283,1
123,https://www.fortinet.com//support/support-services/fortiguard-security-subscriptions/security-rating,200,2024-01-10 11:09:13.326233,1
124,https://www.fortinet.com//support/support-services/fortiguard-security-subscriptions/inline-sandboxing,200,2024-01-10 11:09:14.525059,1
125,https://www.fortinet.com//support/support-services/fortiguard-security-subscriptions/intrusion-prevention,200,2024-01-10 11:09:15.897793,1
126,https://www.fortinet.com//support/support-services/fortiguard-security-subscriptions/socaas,200,2024-01-10 11:09:17.304642,1
127,https://www.fortinet.com//solutions/enterprise-midsize-business/security-as-a-service/assess,200,2024-01-10 11:09:18.821584,1
128,https://www.fortinet.com//solutions/it-ot-security-platform-navigator,200,2024-01-10 11:09:20.324659,1
129,https://www.fortinet.com//solutions/it-ot-security-platform-navigator,200,2024-01-10 11:09:21.775390,1
130,https://www.fortinet.com//solutions/it-ot-security-platform-navigator,200,2024-01-10 11:09:23.077419,1
131,https://www.fortinet.com//solutions/enterprise-midsize-business/security-fabric,200,2024-01-10 11:09:25.227536,1
132,https://www.fortinet.com//products,200,2024-01-10 11:09:26.843532,1
133,https://www.fortinet.com//solutions/enterprise-midsize-business/network-security,200,2024-01-10 11:09:28.122947,1
134,https://www.fortinet.com//solutions/enterprise-midsize-business/universal-sase,200,2024-01-10 11:09:29.521420,1
135,https://www.fortinet.com//solutions/enterprise-midsize-business/work-from-anywhere,200,2024-01-10 11:09:31.319124,1
136,https://www.fortinet.com//solutions/enterprise-midsize-business/cloud-security,200,2024-01-10 11:09:32.681316,1
137,https://www.fortinet.com//solutions/enterprise-midsize-business/ot-security,200,2024-01-10 11:09:33.951935,1
138,https://www.fortinet.com//solutions/enterprise-midsize-business/security-operations,200,2024-01-10 11:09:35.176261,1
139,https://www.fortinet.com//products/fortinet-advisor,200,2024-01-10 11:09:36.638480,1
140,https://www.fortinet.com//solutions/enterprise-midsize-business/hybrid-mesh-firewall,200,2024-01-10 11:09:38.755248,1
141,https://www.fortinet.com//solutions/enterprise-midsize-business/security-fabric,200,2024-01-10 11:09:39.790432,1
142,https://www.fortinet.com//products/fortigate/fortios,200,2024-01-10 11:09:41.890696,1
143,https://www.fortinet.com//products/fortipoints,200,2024-01-10 11:09:43.787631,1
144,https://www.fortinet.com//products/fortiflex,200,2024-01-10 11:09:45.715894,1
145,https://www.fortinet.com//solutions/forrester-tei-firewall,200,2024-01-10 11:09:47.948283,1
146,https://www.fortinet.com//solutions/forrester-tei-firewall,200,2024-01-10 11:09:49.163911,1
147,https://www.fortinet.com//solutions/forrester-tei-firewall,200,2024-01-10 11:09:50.425823,1
148,https://www.fortinet.com//solutions/small-business,200,2024-01-10 11:09:52.436355,1
149,https://www.fortinet.com//solutions/small-business/firewall,200,2024-01-10 11:09:53.953102,1
150,https://www.fortinet.com//products/private-cloud-security/fortigate-virtual-appliances,200,2024-01-10 11:09:55.293521,1
151,https://www.fortinet.com//products/ethernet-switches,200,2024-01-10 11:09:56.515647,1
152,https://www.fortinet.com//products/wireless-access-points,200,2024-01-10 11:09:57.698789,1
153,https://www.fortinet.com//products/smallbusiness/fortigate-cloud,200,2024-01-10 11:09:59.474240,1
154,https://www.fortinet.com//products/sase,200,2024-01-10 11:10:00.644913,1
155,https://www.fortinet.com//solutions/enterprise-midsize-business/security-as-a-service/fortiguard-subscriptions,200,2024-01-10 11:10:02.193173,1
156,https://www.fortinet.com//products/next-generation-firewall/forticonverter,200,2024-01-10 11:10:03.714986,1
157,https://www.fortinet.com//support,200,2024-01-10 11:10:05.242547,1
158,https://www.fortinet.com//training/security-awareness-training,200,2024-01-10 11:10:06.827005,1
159,https://www.fortinet.com//ctap,200,2024-01-10 11:10:08.342471,1
160,https://www.fortinet.com//resources/security-consulting-services,200,2024-01-10 11:10:10.349816,1
161,https://www.fortinet.com//support/support-services/fortiguard-security-subscriptions/socaas,200,2024-01-10 11:10:11.692836,1
162,https://www.fortinet.com//solutions/cyberratings-enterprise-firewall,200,2024-01-10 11:10:13.111030,1
163,https://www.fortinet.com//solutions/cyberratings-enterprise-firewall,200,2024-01-10 11:10:14.630128,1
164,https://www.fortinet.com//solutions/cyberratings-enterprise-firewall,200,2024-01-10 11:10:16.129245,1
165,https://www.fortinet.com//solutions/enterprise-midsize-business/ot-security,200,2024-01-10 11:10:17.297430,1
166,https://www.fortinet.com//products/rugged-firewall,200,2024-01-10 11:10:18.568986,1
167,https://www.fortinet.com//products/siem/fortisiem,200,2024-01-10 11:10:19.655345,1
168,https://www.fortinet.com//products/fortisoar,200,2024-01-10 11:10:21.737581,1
169,https://www.fortinet.com//products/fortipam,200,2024-01-10 11:10:23.965165,1
170,https://www.fortinet.com//products/ethernet-switches,200,2024-01-10 11:10:25.863284,1
171,https://www.fortinet.com//products/endpoint-security/fortiedr,200,2024-01-10 11:10:27.650239,1
172,https://www.fortinet.com//solutions/enterprise-midsize-business/security-as-a-service/fortiguard-subscriptions,200,2024-01-10 11:10:28.886131,1
173,https://www.fortinet.com//support/support-services/fortiguard-security-subscriptions/industrial-security,200,2024-01-10 11:10:30.266967,1
174,https://www.fortinet.com//support/support-services/fortiguard-security-subscriptions/security-rating,200,2024-01-10 11:10:31.558033,1
175,https://www.fortinet.com//support/support-services/fortiguard-security-subscriptions/inline-sandboxing,200,2024-01-10 11:10:32.610526,1
176,https://www.fortinet.com//support/support-services/fortiguard-security-subscriptions/intrusion-prevention,200,2024-01-10 11:10:33.834452,1
177,https://www.fortinet.com//support/support-services/fortiguard-security-subscriptions/socaas,200,2024-01-10 11:10:35.009628,1
178,https://www.fortinet.com//solutions/enterprise-midsize-business/security-as-a-service/assess,200,2024-01-10 11:10:36.157183,1
179,https://www.fortinet.com//solutions/it-ot-security-platform-navigator,200,2024-01-10 11:10:37.347322,1
180,https://www.fortinet.com//solutions/it-ot-security-platform-navigator,200,2024-01-10 11:10:38.606932,1
181,https://www.fortinet.com//solutions/it-ot-security-platform-navigator,200,2024-01-10 11:10:39.643626,1
182,https://www.fortinet.com//solutions/enterprise-midsize-business/security-fabric,200,2024-01-10 11:10:40.845514,1
183,https://www.fortinet.com//solutions/enterprise-midsize-business/ot-security,200,2024-01-10 11:10:41.872774,1
184,https://www.fortinet.com//solutions/industries/manufacturing,200,2024-01-10 11:10:43.316527,1
185,https://www.fortinet.com//solutions/industries/scada-industrial-control-systems,200,2024-01-10 11:10:44.609702,1
186,https://www.fortinet.com//solutions/industries/oil-gas,200,2024-01-10 11:10:45.863462,1
187,https://www.fortinet.com//solutions/industries/power-utilities,200,2024-01-10 11:10:48.178570,1
188,https://www.fortinet.com//solutions/industries/healthcare,200,2024-01-10 11:10:49.831417,1
189,https://www.fortinet.com//solutions/industries/pharma,200,2024-01-10 11:10:51.116781,1
190,https://www.fortinet.com//solutions/industries/higher-ed,200,2024-01-10 11:10:52.658849,1
191,https://www.fortinet.com//solutions/industries/education/k12,200,2024-01-10 11:10:54.062198,1
192,https://www.fortinet.com//solutions/industries/financial-services,200,2024-01-10 11:10:55.397571,1
193,https://www.fortinet.com//solutions/industries/retail,200,2024-01-10 11:10:57.232578,1
194,https://www.fortinet.com//solutions/industries/hospitality,200,2024-01-10 11:10:58.449247,1
195,https://www.fortinet.com//solutions/industries,200,2024-01-10 11:11:00.154271,1
196,https://www.fortinet.com//solutions/it-ot-security-platform-navigator,200,2024-01-10 11:11:01.406625,1
197,https://www.fortinet.com//solutions/it-ot-security-platform-navigator,200,2024-01-10 11:11:03.584359,1
198,https://www.fortinet.com//solutions/it-ot-security-platform-navigator,200,2024-01-10 11:11:04.850070,1
199,https://www.fortinet.com//solutions/service-provider/communications-service-provider/mssp,200,2024-01-10 11:11:06.454066,1
200,https://www.fortinet.com//solutions/service-provider/managed-secure-sd-wan-service-with-fortinet,200,2024-01-10 11:11:08.230837,1
201,https://www.fortinet.com//solutions/service-provider/communications-service-provider/mssp?tab=use-case-2,200,2024-01-10 11:11:09.514668,1
202,https://www.fortinet.com//solutions/service-provider/communications-service-provider/mssp?tab=use-case-3,200,2024-01-10 11:11:10.706564,1
203,https://www.fortinet.com//solutions/service-provider/communications-service-provider/mssp?tab=use-case-4,200,2024-01-10 11:11:12.326258,1
204,https://www.fortinet.com//customers/orange-business-services,200,2024-01-10 11:11:13.597927,1
205,https://www.fortinet.com//customers/gtt-communications,200,2024-01-10 11:11:14.887093,1
206,https://www.fortinet.com//customers/spark-nz,200,2024-01-10 11:11:16.119342,1
207,https://www.fortinet.com//customers?limit=15&region=&industry=service-provider&solutions=,200,2024-01-10 11:11:17.044391,1
208,https://www.fortinet.com//solutions/industries/communications-service-provider,200,2024-01-10 11:11:18.309730,1
209,https://www.fortinet.com//solutions/industries/communications-service-provider?tab=use-case-1,200,2024-01-10 11:11:19.822270,1
210,https://www.fortinet.com//solutions/industries/communications-service-provider?tab=use-case-2,200,2024-01-10 11:11:21.211985,1
211,https://www.fortinet.com//solutions/industries/communications-service-provider?tab=use-case-3,200,2024-01-10 11:11:22.874246,1
212,https://www.fortinet.com//solutions/industries/communications-service-provider?tab=use-case-4,200,2024-01-10 11:11:24.212690,1
213,https://www.fortinet.com//solutions/industries/communications-service-provider?tab=use-case-5,200,2024-01-10 11:11:25.796914,1
214,https://www.fortinet.com//corporate/about-us/newsroom/press-releases/2023/fortinet-annual-skills-gap-report-uncovers-increase-breaches-attributed-to-lack-of-cybersecurity-skills,200,2024-01-10 11:11:27.453705,1
215,https://www.fortinet.com//corporate/about-us/newsroom/press-releases/2023/fortinet-annual-skills-gap-report-uncovers-increase-breaches-attributed-to-lack-of-cybersecurity-skills,200,2024-01-10 11:11:28.605200,1
216,https://www.fortinet.com//corporate/about-us/newsroom/press-releases/2023/fortinet-annual-skills-gap-report-uncovers-increase-breaches-attributed-to-lack-of-cybersecurity-skills,200,2024-01-10 11:11:29.698807,1
217,https://www.fortinet.com//solutions/mobile-carrier/cybersecurity-for-mobile-networks-and-ecosystems,200,2024-01-10 11:11:30.988227,1
218,https://global.fortinet.com/emea-lp-en-service-provider-energy-paper,200,2024-01-10 11:11:36.762678,1
219,https://global.fortinet.com/emea-lp-en-service-provider-energy-paper,200,2024-01-10 11:11:38.219285,1
220,https://global.fortinet.com/emea-lp-en-service-provider-energy-paper,200,2024-01-10 11:11:39.631406,1
221,https://www.fortinet.com//solutions/enterprise-midsize-business/security-as-a-service/fortiguard-subscriptions,200,2024-01-10 11:11:40.688363,1
222,https://www.fortinet.com//support/support-services/fortiguard-security-subscriptions/casb,200,2024-01-10 11:11:41.611963,1
223,https://www.fortinet.com//support/support-services/fortiguard-security-subscriptions/data-loss-prevention,200,2024-01-10 11:11:42.595585,1
224,https://www.fortinet.com//support/support-services/fortiguard-security-subscriptions/web-filtering,200,2024-01-10 11:11:43.573888,1
225,https://www.fortinet.com//support/support-services/fortiguard-security-subscriptions/dns-security,200,2024-01-10 11:11:44.750422,1
226,https://www.fortinet.com//support/support-services/fortiguard-security-subscriptions/inline-sandboxing,200,2024-01-10 11:11:45.653688,1
227,https://www.fortinet.com//support/support-services/fortiguard-security-subscriptions/intrusion-prevention,200,2024-01-10 11:11:46.841707,1
228,https://www.fortinet.com//support/support-services/fortiguard-security-subscriptions/security-rating,200,2024-01-10 11:11:47.905128,1
229,https://www.fortinet.com//support/support-services/fortiguard-security-subscriptions/industrial-security,200,2024-01-10 11:11:49.049800,1
230,https://www.fortinet.com//support/support-services/fortiguard-security-subscriptions/security-rating,200,2024-01-10 11:11:50.373973,1
231,https://www.fortinet.com//training/cybersecurity-professionals,200,2024-01-10 11:11:51.787526,1
232,https://www.fortinet.com//training/infosec-awareness,200,2024-01-10 11:11:53.181329,1
233,https://www.fortinet.com//products/phishing-simulation,200,2024-01-10 11:11:54.502284,1
234,https://www.fortinet.com//solutions/enterprise-midsize-business/security-as-a-service/respond,200,2024-01-10 11:11:55.842603,1
235,https://www.fortinet.com//solutions/enterprise-midsize-business/mdr,200,2024-01-10 11:11:56.993699,1
236,https://www.fortinet.com//solutions/enterprise-midsize-business/security-as-a-service/ransomware-advisory,200,2024-01-10 11:11:58.104819,1
237,https://www.fortinet.com//solutions/enterprise-midsize-business/security-as-a-service/security-advisory,200,2024-01-10 11:11:59.301819,1
238,https://www.fortinet.com//support/support-services/fortiguard-security-subscriptions/socaas,200,2024-01-10 11:12:00.413447,1
239,https://www.fortinet.com//demand/gated/threat-report-1h-2023,200,2024-01-10 11:12:01.803818,1
240,https://www.fortinet.com//demand/gated/threat-report-1h-2023,200,2024-01-10 11:12:03.005304,1
241,https://www.fortinet.com//demand/gated/threat-report-1h-2023,200,2024-01-10 11:12:04.011580,1
242,https://www.fortinet.com//support/contact,200,2024-01-10 11:12:05.418160,1
243,https://www.fortinet.com//support,200,2024-01-10 11:12:06.671478,1
244,https://www.fortinet.com//support/support-services/premium-support,200,2024-01-10 11:12:08.531022,1
245,https://www.fortinet.com//corporate/about-us/contact-us/experienced-a-breach,200,2024-01-10 11:12:10.046857,1
246,https://support.fortinet.com/asset,200,2024-01-10 11:12:12.189751,1
247,https://docs.fortinet.com,200,2024-01-10 11:12:13.379050,1
248,https://community.fortinet.com/?pageNum=1,200,2024-01-10 11:12:14.559364,1
249,https://www.fortinet.com//demand/gated/threat-report-1h-2023,200,2024-01-10 11:12:15.851472,1
250,https://www.fortinet.com//demand/gated/threat-report-1h-2023,200,2024-01-10 11:12:16.962880,1
251,https://www.fortinet.com//demand/gated/threat-report-1h-2023,200,2024-01-10 11:12:18.008785,1
252,https://www.fortinet.com//solutions/forrester-tei-firewall,200,2024-01-10 11:12:19.232270,1
253,https://www.fortinet.com//solutions/forrester-tei-firewall,200,2024-01-10 11:12:20.195107,1
254,https://www.fortinet.com//solutions/forrester-tei-firewall,200,2024-01-10 11:12:21.341873,1
255,https://www.fortinet.com//support/support-services/professional-services,200,2024-01-10 11:12:22.611464,1
256,https://www.fortinet.com//resources/security-consulting-services,200,2024-01-10 11:12:23.748691,1
257,https://www.fortinet.com//demand/gated/threat-report-1h-2023,200,2024-01-10 11:12:25.014869,1
258,https://www.fortinet.com//demand/gated/threat-report-1h-2023,200,2024-01-10 11:12:26.115573,1
259,https://www.fortinet.com//demand/gated/threat-report-1h-2023,200,2024-01-10 11:12:27.315745,1
260,https://www.fortinet.com//solutions/forrester-tei-firewall,200,2024-01-10 11:12:28.405918,1
261,https://www.fortinet.com//solutions/forrester-tei-firewall,200,2024-01-10 11:12:29.464869,1
262,https://www.fortinet.com//solutions/forrester-tei-firewall,200,2024-01-10 11:12:30.695770,1
263,https://www.fortinet.com//corporate/about-us/about-us,200,2024-01-10 11:12:32.533080,1
264,https://www.fortinet.com//corporate/about-us/executive-management,200,2024-01-10 11:12:34.176831,1
265,https://investor.fortinet.com/,200,2024-01-10 11:12:35.424181,1
266,https://www.fortinet.com//corporate/ebc,200,2024-01-10 11:12:36.560674,1
267,https://www.fortinet.com//corporate/about-us/newsroom,200,2024-01-10 11:12:38.258189,1
268,https://www.fortinet.com/blog,200,2024-01-10 11:12:39.305869,1
269,https://www.fortinet.com//corporate/about-us/corporate-social-responsibility,200,2024-01-10 11:12:40.987680,1
270,https://www.fortinet.com//corporate/careers,200,2024-01-10 11:12:42.119731,1
271,https://www.fortinet.com//corporate/careers/early-talent-program,200,2024-01-10 11:12:43.746921,1
272,https://community.fortinet.com/?pageNum=1,200,2024-01-10 11:12:44.962370,1
273,https://global.fortinet.com/PreferenceCenter,200,2024-01-10 11:12:46.351224,1
274,https://www.fortinet.com//trust,200,2024-01-10 11:12:48.264266,1
275,https://trust.fortinet.com,403,2024-01-10 11:12:49.438564,1
276,https://www.fortinet.com//corporate/about-us/product-certifications,200,2024-01-10 11:12:51.195623,1
277,https://www.fortinetfederal.com,200,2024-01-10 11:12:52.730036,1
278,https://www.fortinet.com//solutions/analyst-reports,200,2024-01-10 11:12:54.593449,1
279,https://www.fortinet.com//corporate/about-us/strategic-advisory-council,200,2024-01-10 11:12:55.930031,1
280,https://www.fortinet.com//training/veterans-program/advisory-council,200,2024-01-10 11:12:57.221174,1
281,https://www.fortinet.com//customers,200,2024-01-10 11:12:58.504672,1
282,https://www.fortinet.com//resources,200,2024-01-10 11:12:59.838005,1
283,https://fortinet-tv.com/,200,2024-01-10 11:13:01.611930,1
284,https://www.fortinet.com//resources/cyberglossary,200,2024-01-10 11:13:03.614683,1
285,https://icons.fortinet.com/,200,2024-01-10 11:13:05.411846,1
286,https://video.fortinet.com/,200,2024-01-10 11:13:06.745639,1
287,https://www.fortinet.com//resources/ordering-guides,200,2024-01-10 11:13:08.537757,1
288,https://www.fortinet.com//resources/sled-contracts-grants,200,2024-01-10 11:13:10.242008,1
289,https://www.fortinetaccelerate.com/home,200,2024-01-10 11:13:12.471785,1
290,https://www.fortinet.com//corporate/about-us/events?typ=Events,200,2024-01-10 11:13:13.714326,1
291,https://www.fortinet.com//corporate/about-us/events?typ=Webinars,200,2024-01-10 11:13:15.636520,1
292,https://www.fortinet.com//corporate/about-us/events?typ=On-Demand,200,2024-01-10 11:13:16.962739,1
293,https://www.fortinet.com//nse-training,200,2024-01-10 11:13:18.651242,1
294,https://www.fortinet.com//training-certification,200,2024-01-10 11:13:20.713533,1
295,https://www.fortinet.com//training/cybersecurity-professionals,200,2024-01-10 11:13:21.913381,1
296,https://www.fortinet.com//support/training/learning-center,200,2024-01-10 11:13:23.763356,1
297,https://training.fortinet.com/auth/saml2/selectidp.php,200,2024-01-10 11:13:25.766763,1
298,https://www.fortinet.com//training/academic-partner-program,200,2024-01-10 11:13:27.611964,1
299,https://www.fortinet.com//training/education-outreach-program,200,2024-01-10 11:13:29.504222,1
300,https://www.fortinet.com//training/veterans-program,200,2024-01-10 11:13:30.799644,1
301,https://www.fortinet.com//training/security-awareness-training,200,2024-01-10 11:13:31.980376,1
302,https://www.fortinet.com//training/security-awareness-training/education-edition,200,2024-01-10 11:13:33.851399,1
303,https://www.fortinet.com//training/security-awareness-training/k12us,200,2024-01-10 11:13:35.566628,1
304,https://www.fortinet.com//training/security-awareness-training/education-edition-uk,200,2024-01-10 11:13:37.180671,1
305,https://www.fortinet.com//training/security-awareness-training/education-edition-australia,200,2024-01-10 11:13:38.801124,1
306,https://www.fortinet.com//training/security-awareness-training/education-edition-canada,200,2024-01-10 11:13:40.036966,1
307,https://www.fortinet.com//corporate/about-us/newsroom/press-releases/2023/fortinet-research-finds-over-80-perfect-of-organizations-experience-cyber-attacks-that-target-employees,200,2024-01-10 11:13:41.944306,1
308,https://www.fortinet.com//corporate/about-us/newsroom/press-releases/2023/fortinet-research-finds-over-80-perfect-of-organizations-experience-cyber-attacks-that-target-employees,200,2024-01-10 11:13:43.857634,1
309,https://www.fortinet.com//corporate/about-us/newsroom/press-releases/2023/fortinet-research-finds-over-80-perfect-of-organizations-experience-cyber-attacks-that-target-employees,200,2024-01-10 11:13:45.194991,1
310,https://www.fortinet.com//partners/partner-program/partner-login,200,2024-01-10 11:13:46.920033,1
311,https://www.fortinet.com//partners/partner-program/become-a-fortinet-partner,200,2024-01-10 11:13:49.363110,1
312,https://www.fortinet.com//partners/technology-alliances/join-the-ecosystem,200,2024-01-10 11:13:51.579587,1
313,https://www.fortinet.com//solutions/enterprise-midsize-business/openecosystem,200,2024-01-10 11:13:54.078455,1
314,https://www.fortinet.com//solutions/enterprise-midsize-business/fabric-connectors,200,2024-01-10 11:13:55.308265,1
315,https://partnerportal.fortinet.com/directory/,200,2024-01-10 11:13:58.184377,1
316,https://www.fortinet.com//partners/global-system-integrators,200,2024-01-10 11:13:59.891593,1
317,https://www.fortinet.com//solutions/service-provider/communications-service-provider/mssp,200,2024-01-10 11:14:01.217809,1
318,https://www.fortinet.com//solutions/industries/communications-service-provider,200,2024-01-10 11:14:02.543753,1
319,https://www.fortinet.com//solutions/mobile-carrier,200,2024-01-10 11:14:04.506232,1
320,https://www.fortinet.com//corporate/about-us/newsroom/press-releases/2022/fortinet-2022-dow-jones-sustainability-world-north-america-indices,200,2024-01-10 11:14:06.101810,1
321,https://www.fortinet.com//corporate/about-us/newsroom/press-releases/2022/fortinet-2022-dow-jones-sustainability-world-north-america-indices,200,2024-01-10 11:14:07.229195,1
322,https://www.fortinet.com//corporate/about-us/newsroom/press-releases/2022/fortinet-2022-dow-jones-sustainability-world-north-america-indices,200,2024-01-10 11:14:08.643603,1
323,https://www.fortinet.com//corporate/about-us/contact-us#contact-sales,200,2024-01-10 11:14:10.051445,1
324,https://www.fortinet.com//corporate/about-us/request-a-quote,200,2024-01-10 11:14:11.795956,1
325,https://www.fortinet.com//corporate/about-us/contact-us/experienced-a-breach,200,2024-01-10 11:14:12.980200,1
326,https://www.fortinet.com//ctap,200,2024-01-10 11:14:14.198595,1
327,https://www.fortinet.com//demo-center,200,2024-01-10 11:14:15.363380,1
328,https://www.fortinet.com//support/contact,200,2024-01-10 11:14:16.757352,1
329,https://www.fortinet.com//support/contact#call-us,200,2024-01-10 11:14:17.963818,1
330,https://community.fortinet.com/t5/Support-Forum/bd-p/fortinet-discussion,200,2024-01-10 11:14:19.447863,1
331,https://www.fortinet.com//partners/partner-program/find-a-partner/north-america-partner-locator,200,2024-01-10 11:14:33.846313,1
332,https://www.fortinet.com//partners/partner-program/find-a-partner/emeapartners,200,2024-01-10 11:14:41.239152,1
333,https://www.fortinet.com//partners/partner-program/find-a-partner/latin-america-partner,200,2024-01-10 11:14:43.842969,1
334,https://www.fortinet.com//partners/partner-program/find-a-partner/apacpartners,200,2024-01-10 11:14:54.855161,1
335,https://www.fortinet.com//corporate/about-us/newsroom/press-releases/2023/fortinet-releases-2022-sustainability-report,200,2024-01-10 11:14:56.310448,1
336,https://www.fortinet.com//corporate/about-us/newsroom/press-releases/2023/fortinet-releases-2022-sustainability-report,200,2024-01-10 11:14:57.415271,1
337,https://www.fortinet.com//corporate/about-us/newsroom/press-releases/2023/fortinet-releases-2022-sustainability-report,200,2024-01-10 11:14:58.714944,1
338,https://www.fortinet.com//fortiguard/labs,200,2024-01-10 11:15:01.135345,1
339,https://www.fortinet.com//products/fortinet-advisor?utm_source=website&utm_medium=USHERO&utm_campaign=USHERO-BAN1-SOC-NAMER-US&utm_content=USHERO-BAN1-FortiAdvisor,200,2024-01-10 11:15:02.959885,1
340,https://www.fortinet.com//corporate/about-us/newsroom/press-releases/2023/fortinet-expands-global-sase-points-of-presence-with-google-cloud?utm_source=website&utm_medium=USHERO&utm_campaign=USHERO-BAN2-WFA-NAMER-US&utm_content=USHERO-BAN2-SASE-News,200,2024-01-10 11:15:04.114399,1
341,https://www.fortinet.com//products/sase?utm_source=website&utm_medium=USHERO&utm_campaign=USHERO-BAN2-WFA-NAMER-US&utm_content=USHERO-BAN2-FortiSASE,200,2024-01-10 11:15:05.310321,1
342,https://www.fortinet.com//solutions/gartner-wan-edge?utm_source=website&utm_medium=USHERO&utm_campaign=USHERO-BAN3-SDWAN-NAMER-US&utm_content=USHERO-BAN3-AR-23-MQ-SDWAN,200,2024-01-10 11:15:07.035998,1
343,https://www.fortinet.com//solutions/enterprise-midsize-business/network-security,200,2024-01-10 11:15:08.181530,1
344,https://www.fortinet.com//solutions/enterprise-midsize-business/network-security,200,2024-01-10 11:15:09.316519,1
345,https://www.fortinet.com//products/next-generation-firewall,200,2024-01-10 11:15:10.412272,1
346,https://www.fortinet.com//products/ethernet-switches,200,2024-01-10 11:15:11.439161,1
347,https://www.fortinet.com//products/wireless-access-points,200,2024-01-10 11:15:12.446261,1
348,https://www.fortinet.com//products/wireless-wan-fortiextender,200,2024-01-10 11:15:13.384842,1
349,https://www.fortinet.com//products/network-access-control,200,2024-01-10 11:15:14.358495,1
350,https://www.fortinet.com//solutions/enterprise-midsize-business/security-as-a-service/fortiguard-subscriptions,200,2024-01-10 11:15:15.382347,1
351,https://www.fortinet.com//products/management/fortimanager,200,2024-01-10 11:15:16.363109,1
352,https://www.fortinet.com//solutions/enterprise-midsize-business/security-operations,200,2024-01-10 11:15:17.439268,1
353,https://www.fortinet.com//solutions/enterprise-midsize-business/security-operations,200,2024-01-10 11:15:18.373041,1
354,https://www.fortinet.com//products/siem/fortisiem,200,2024-01-10 11:15:19.329643,1
355,https://www.fortinet.com//products/fortisoar,200,2024-01-10 11:15:20.240960,1
356,https://www.fortinet.com//products/endpoint-security/fortiedr,200,2024-01-10 11:15:21.267300,1
357,https://www.fortinet.com//products/fortixdr,200,2024-01-10 11:15:22.142335,1
358,https://www.fortinet.com//products/network-detection-and-response,200,2024-01-10 11:15:23.180927,1
359,https://www.fortinet.com//support/support-services/fortiguard-security-subscriptions/socaas,200,2024-01-10 11:15:24.370470,1
360,https://www.fortinet.com//solutions/enterprise-midsize-business/universal-sase,200,2024-01-10 11:15:25.482270,1
361,https://www.fortinet.com//solutions/enterprise-midsize-business/universal-sase,200,2024-01-10 11:15:26.650620,1
362,https://www.fortinet.com//products/sase,200,2024-01-10 11:15:28.013351,1
363,https://www.fortinet.com//products/sd-wan,200,2024-01-10 11:15:29.229546,1
364,https://www.fortinet.com//solutions/enterprise-midsize-business/network-access/application-access,200,2024-01-10 11:15:30.343539,1
365,https://www.fortinet.com//products/fortimonitor,200,2024-01-10 11:15:31.540848,1
366,https://www.fortinet.com//products/public-cloud-security/cloud-native-firewall,200,2024-01-10 11:15:32.826655,1
367,https://www.fortinet.com//products/web-application-firewall/fortiweb,200,2024-01-10 11:15:33.928028,1
368,https://www.fortinet.com//solutions/enterprise-midsize-business/security-as-a-service/fortiguard-subscriptions,200,2024-01-10 11:15:34.973745,1
369,https://www.fortinet.com//products/management/fortimanager,200,2024-01-10 11:15:36.104471,1
370,https://www.fortinet.com/blog/business-and-technology/ot-security-do-not-fall-behind,200,2024-01-10 11:15:37.593786,1
371,https://www.fortinet.com/blog/business-and-technology/ot-security-do-not-fall-behind,200,2024-01-10 11:15:38.694864,1
372,https://www.fortinet.com/blog/business-and-technology/ot-security-do-not-fall-behind,200,2024-01-10 11:15:39.828790,1
373,https://www.fortinet.com//corporate/about-us/newsroom/press-releases/2023/fortinet-expands-universal-sase-offering-to-securely-connect-users-to-any-application,200,2024-01-10 11:15:41.536229,1
374,https://www.fortinet.com//corporate/about-us/newsroom/press-releases/2023/fortinet-expands-universal-sase-offering-to-securely-connect-users-to-any-application,200,2024-01-10 11:15:42.762863,1
375,https://www.fortinet.com//corporate/about-us/newsroom/press-releases/2023/fortinet-expands-universal-sase-offering-to-securely-connect-users-to-any-application,200,2024-01-10 11:15:43.823616,1
376,https://www.fortinet.com//solutions/gartner-hype-cycle-workload-network-security,200,2024-01-10 11:15:45.789068,1
377,https://www.fortinet.com//solutions/gartner-hype-cycle-workload-network-security,200,2024-01-10 11:15:48.744503,1
378,https://www.fortinet.com//solutions/gartner-hype-cycle-workload-network-security,200,2024-01-10 11:15:50.523024,1
379,https://www.fortinet.com//corporate/about-us/newsroom/press-releases/2023/fortinet-launches-new-high-performance-switches-to-securely-connect-the-modern-campus,200,2024-01-10 11:15:53.122087,1
380,https://www.fortinet.com//corporate/about-us/newsroom/press-releases/2023/fortinet-launches-new-high-performance-switches-to-securely-connect-the-modern-campus,200,2024-01-10 11:15:54.164693,1
381,https://www.fortinet.com//corporate/about-us/newsroom/press-releases/2023/fortinet-launches-new-high-performance-switches-to-securely-connect-the-modern-campus,200,2024-01-10 11:15:55.328435,1
382,https://www.fortinet.com//demand/gated/esg-economic-validation-fortinet-security-operations,200,2024-01-10 11:15:56.623133,1
383,https://www.fortinet.com//demand/gated/esg-economic-validation-fortinet-security-operations,200,2024-01-10 11:15:57.656407,1
384,https://www.fortinet.com//demand/gated/esg-economic-validation-fortinet-security-operations,200,2024-01-10 11:15:58.684032,1
385,https://www.fortinet.com//solutions/gartner-voc-security-service-edge,200,2024-01-10 11:16:00.339093,1
386,https://www.fortinet.com//solutions/gartner-voc-security-service-edge,200,2024-01-10 11:16:01.260687,1
387,https://www.fortinet.com//solutions/gartner-voc-security-service-edge,200,2024-01-10 11:16:02.371745,1
388,https://www.fortinet.com//solutions/forrester-wave-network-analysis-visibility,200,2024-01-10 11:16:04.052904,1
389,https://www.fortinet.com//solutions/forrester-wave-network-analysis-visibility,200,2024-01-10 11:16:05.158384,1
390,https://www.fortinet.com//solutions/forrester-wave-network-analysis-visibility,200,2024-01-10 11:16:06.180077,1
391,https://www.fortinet.com/blog/business-and-technology/fortinet-gartner-peer-insights-customer-choice-endpoint-protection-platforms,200,2024-01-10 11:16:07.559425,1
392,https://www.fortinet.com/blog/business-and-technology/fortinet-gartner-peer-insights-customer-choice-endpoint-protection-platforms,200,2024-01-10 11:16:08.484804,1
393,https://www.fortinet.com/blog/business-and-technology/fortinet-gartner-peer-insights-customer-choice-endpoint-protection-platforms,200,2024-01-10 11:16:09.470928,1
394,https://www.fortinet.com/blog/business-and-technology/fortiedr-mitre-attack-evaluation-results,200,2024-01-10 11:16:10.898800,1
395,https://www.fortinet.com/blog/business-and-technology/fortiedr-mitre-attack-evaluation-results,200,2024-01-10 11:16:11.864718,1
396,https://www.fortinet.com/blog/business-and-technology/fortiedr-mitre-attack-evaluation-results,200,2024-01-10 11:16:12.857858,1
397,https://www.fortinet.com//solutions/industries/scada-industrial-control-systems,200,2024-01-10 11:16:13.972124,1
398,https://www.fortinet.com//solutions/industries/education/k12,200,2024-01-10 11:16:16.228045,1
399,https://www.fortinet.com//solutions/industries/higher-ed,200,2024-01-10 11:16:17.098782,1
400,https://www.fortinet.com//solutions/industries/retail,200,2024-01-10 11:16:18.028851,1
401,https://www.fortinet.com//solutions/industries/financial-services,200,2024-01-10 11:16:19.132779,1
402,https://www.fortinet.com//solutions/industries/healthcare,200,2024-01-10 11:16:20.181471,1
403,https://www.fortinet.com//solutions/industries/manufacturing,200,2024-01-10 11:16:21.207470,1
404,https://www.fortinet.com//solutions/industries/hospitality,200,2024-01-10 11:16:22.331480,1
405,https://www.fortinet.com//solutions/industries/technology,200,2024-01-10 11:16:24.272633,1
406,https://www.fortinet.com//solutions/mobile-carrier/cybersecurity-for-mobile-networks-and-ecosystems,200,2024-01-10 11:16:25.192013,1
407,https://www.fortinet.com//solutions/industries/pharma,200,2024-01-10 11:16:26.178915,1
408,https://www.fortinet.com//solutions/industries,200,2024-01-10 11:16:27.117987,1
409,https://www.fortinet.com//trust?tab=trusted%20company,200,2024-01-10 11:16:28.300301,1
410,https://www.fortinet.com//trust?tab=trusted%20products,200,2024-01-10 11:16:30.029435,1
411,https://www.fortinet.com//trust?tab=trusted%20process,200,2024-01-10 11:16:31.969966,1
412,https://www.fortinet.com//trust?tab=trusted%20partners,200,2024-01-10 11:16:33.319833,1
413,https://www.fortinet.com//fortinet-championship,200,2024-01-10 11:16:35.153516,1
414,https://www.fortinet.com//dp-world-tour,200,2024-01-10 11:16:37.061813,1
415,https://www.fortinet.com//fortinet-cup-ca,200,2024-01-10 11:16:38.324889,1
416,https://www.fortinet.com//fortinet-championship-au,200,2024-01-10 11:16:39.778791,1
417,https://www.fortinet.com//romain-attanasio,200,2024-01-10 11:16:41.869193,1
418,https://nrfbigshow.nrf.com/register,200,2024-01-10 11:16:44.106850,1
419,https://nrfbigshow.nrf.com/register,200,2024-01-10 11:16:45.698891,1
420,https://nrfbigshow.nrf.com/register,200,2024-01-10 11:16:47.355904,1
421,https://nrfbigshow.nrf.com/register,200,2024-01-10 11:16:48.913835,1
422,https://www.arcweb.com/events/arc-industry-leadership-forum-orlando,200,2024-01-10 11:16:50.087158,1
423,https://www.arcweb.com/events/arc-industry-leadership-forum-orlando,200,2024-01-10 11:16:51.153897,1
424,https://www.arcweb.com/events/arc-industry-leadership-forum-orlando,200,2024-01-10 11:16:52.523155,1
425,https://www.arcweb.com/events/arc-industry-leadership-forum-orlando,200,2024-01-10 11:16:53.457075,1
426,https://events.fortinet.com/MWC2024,200,2024-01-10 11:16:54.977938,1
427,https://events.fortinet.com/MWC2024,200,2024-01-10 11:16:56.577006,1
428,https://events.fortinet.com/MWC2024,200,2024-01-10 11:16:57.767534,1
429,https://events.fortinet.com/MWC2024,200,2024-01-10 11:16:59.054973,1
430,https://xpressreg.net/register/dist0224/attendee/reginfo.asp?cl=dist&sc=DT10223,200,2024-01-10 11:17:00.750204,1
431,https://xpressreg.net/register/dist0224/attendee/reginfo.asp?cl=dist&sc=DT10223,200,2024-01-10 11:17:02.197019,1
432,https://xpressreg.net/register/dist0224/attendee/reginfo.asp?cl=dist&sc=DT10223,200,2024-01-10 11:17:03.654221,1
433,https://xpressreg.net/register/dist0224/attendee/reginfo.asp?cl=dist&sc=DT10223,200,2024-01-10 11:17:05.221387,1
434,https://s4xevents.com/,403,2024-01-10 11:17:06.589058,1
435,https://s4xevents.com/,403,2024-01-10 11:17:07.941062,1
436,https://s4xevents.com/,403,2024-01-10 11:17:09.404253,1
437,https://s4xevents.com/,403,2024-01-10 11:17:10.851124,1
438,https://usa.cs4ca.com/,200,2024-01-10 11:17:14.022798,1
439,https://usa.cs4ca.com/,200,2024-01-10 11:17:17.063076,1
440,https://usa.cs4ca.com/,200,2024-01-10 11:17:20.205895,1
441,https://usa.cs4ca.com/,200,2024-01-10 11:17:23.148731,1
442,https://www.fortinetaccelerate.com/home/3861565,200,2024-01-10 11:17:25.069253,1
443,https://www.fortinetaccelerate.com/home/3861565,200,2024-01-10 11:17:26.587383,1
444,https://www.fortinetaccelerate.com/home/3861565,200,2024-01-10 11:17:28.209327,1
445,https://www.fortinetaccelerate.com/home/3861565,200,2024-01-10 11:17:29.807599,1
446,https://www.entelec.org/expo/,403,2024-01-10 11:17:31.457007,1
447,https://www.entelec.org/expo/,403,2024-01-10 11:17:32.973322,1
448,https://www.entelec.org/expo/,403,2024-01-10 11:17:34.644921,1
449,https://www.entelec.org/expo/,403,2024-01-10 11:17:36.134013,1
450,https://www.seatradecruiseevents.com/global/en/home.html,200,2024-01-10 11:17:37.274182,1
451,https://www.seatradecruiseevents.com/global/en/home.html,200,2024-01-10 11:17:38.201916,1
452,https://www.seatradecruiseevents.com/global/en/home.html,200,2024-01-10 11:17:39.209526,1
453,https://www.seatradecruiseevents.com/global/en/home.html,200,2024-01-10 11:17:40.281849,1
454,https://utctelecom.org/,200,2024-01-10 11:17:43.463588,1
455,https://utctelecom.org/,200,2024-01-10 11:17:46.045867,1
456,https://utctelecom.org/,200,2024-01-10 11:17:48.821253,1
457,https://utctelecom.org/,200,2024-01-10 11:17:51.647094,1
458,https://www.fortinet.com//solutions/enterprise-midsize-business/network-security,200,2024-01-10 11:17:53.540953,1
459,https://www.fortinet.com//solutions/enterprise-midsize-business/user-device-security,200,2024-01-10 11:17:55.168741,1
460,https://www.fortinet.com//solutions/enterprise-midsize-business/security-operations,200,2024-01-10 11:17:56.030876,1
461,https://www.fortinet.com//solutions/enterprise-midsize-business/cloud-security,200,2024-01-10 11:17:56.934152,1
462,https://www.fortinet.com//fortiguard/labs,200,2024-01-10 11:17:57.763149,1
463,https://www.fortinet.com//solutions/small-business,200,2024-01-10 11:17:58.624731,1
464,https://www.fortinet.com//solutions/service-provider/communications-service-provider/mssp,200,2024-01-10 11:17:59.438862,1
465,https://www.fortinet.com//partners/technology-alliances/alliances-ecosystem,200,2024-01-10 11:18:00.838156,1
466,https://www.fortinet.com//partners/partnerships/alliance-partners,200,2024-01-10 11:18:02.873787,1
467,https://partnerportal.fortinet.com/directory/,200,2024-01-10 11:18:06.098744,1
468,https://www.fortinet.com//partners/partner-program/become-a-fortinet-partner,200,2024-01-10 11:18:06.901152,1
469,https://www.fortinet.com//partners/partner-program/partner-login,200,2024-01-10 11:18:08.399344,1
470,https://www.fortinet.com//trust?tab=trusted%20products,200,2024-01-10 11:18:09.340627,1
471,https://www.fortinet.com//trust?tab=trusted%20company,200,2024-01-10 11:18:10.160589,1
472,https://www.fortinet.com//trust?tab=trusted%20process,200,2024-01-10 11:18:11.548790,1
473,https://www.fortinet.com//trust?tab=trusted%20partners,200,2024-01-10 11:18:12.527033,1
474,https://www.fortinet.com//corporate/about-us/product-certifications,200,2024-01-10 11:18:13.600224,1
475,https://www.fortinet.com//corporate/about-us/about-us,200,2024-01-10 11:18:14.963316,1
476,https://www.fortinet.com//nse-training,200,2024-01-10 11:18:15.831518,1
477,https://www.fortinet.com//resources,200,2024-01-10 11:18:16.642963,1
478,https://www.fortinet.com//support,200,2024-01-10 11:18:18.198334,1
479,https://www.fortinet.com//support/product-downloads,200,2024-01-10 11:18:19.697616,1
480,https://www.fortinet.com//resources/cyberglossary,200,2024-01-10 11:18:21.248564,1
481,https://www.fortinet.com//corporate/careers,200,2024-01-10 11:18:22.038212,1
482,https://www.fortinet.com//corporate/careers/early-talent-program,200,2024-01-10 11:18:22.812088,1
483,https://investor.fortinet.com/,200,2024-01-10 11:18:24.293243,1
484,https://www.fortinet.com//corporate/about-us/corporate-social-responsibility,200,2024-01-10 11:18:25.276543,1
485,https://www.fortinet.com//sitemap,200,2024-01-10 11:18:26.361668,1
486,https://www.fortinet.com//corporate/about-us/privacy,200,2024-01-10 11:18:28.420778,1
487,https://www.fortinet.com/blog,200,2024-01-10 11:18:29.370618,1
488,https://community.fortinet.com,200,2024-01-10 11:18:31.947047,1
489,https://global.fortinet.com/PreferenceCenter,200,2024-01-10 11:18:33.214500,1
490,https://www.fortinet.com//corporate/about-us/contact-us,200,2024-01-10 11:18:46.977821,1
491,https://www.linkedin.com/company/fortinet,999,2024-01-10 11:18:47.872869,1
492,https://twitter.com/fortinet,400,2024-01-10 11:18:48.898475,1
493,https://www.youtube.com/channel/UCJHo4AuVomwMRzgkA5DQEOA?sub_confirmation=1,200,2024-01-10 11:18:50.393465,1
494,https://www.instagram.com/fortinet/,200,2024-01-10 11:18:51.590742,1
495,https://www.facebook.com/fortinet,200,2024-01-10 11:18:53.710543,1
496,https://www.fortinet.com/rss-feeds,200,2024-01-10 11:18:55.299897,1
497,https://www.fortinet.com//solutions/enterprise-midsize-business/network-security,200,2024-01-10 11:18:56.565314,1
498,https://www.fortinet.com//solutions/enterprise-midsize-business/user-device-security,200,2024-01-10 11:18:57.444429,1
499,https://www.fortinet.com//solutions/enterprise-midsize-business/security-operations,200,2024-01-10 11:18:58.354956,1
500,https://www.fortinet.com//solutions/enterprise-midsize-business/cloud-security,200,2024-01-10 11:18:59.821810,1
501,https://www.fortinet.com//fortiguard/labs,200,2024-01-10 11:19:00.596900,1
502,https://www.fortinet.com//solutions/small-business,200,2024-01-10 11:19:01.772657,1
503,https://www.fortinet.com//solutions/service-provider/communications-service-provider/mssp,200,2024-01-10 11:19:03.021162,1
504,https://www.fortinet.com//partners/technology-alliances/alliances-ecosystem,200,2024-01-10 11:19:03.797965,1
505,https://www.fortinet.com//partners/partnerships/alliance-partners,200,2024-01-10 11:19:04.612510,1
506,https://partnerportal.fortinet.com/directory/,200,2024-01-10 11:19:07.468821,1
507,https://www.fortinet.com//partners/partner-program/become-a-fortinet-partner,200,2024-01-10 11:19:08.269326,1
508,https://www.fortinet.com//partners/partner-program/partner-login,200,2024-01-10 11:19:09.381193,1
509,https://www.fortinet.com//trust?tab=trusted%20products,200,2024-01-10 11:19:10.568750,1
510,https://www.fortinet.com//trust?tab=trusted%20company,200,2024-01-10 11:19:11.647697,1
511,https://www.fortinet.com//trust?tab=trusted%20process,200,2024-01-10 11:19:13.334278,1
512,https://www.fortinet.com//trust?tab=trusted%20partners,200,2024-01-10 11:19:14.511606,1
513,https://www.fortinet.com//corporate/about-us/product-certifications,200,2024-01-10 11:19:15.809166,1
514,https://www.fortinet.com//corporate/about-us/about-us,200,2024-01-10 11:19:17.194018,1
515,https://www.fortinet.com//nse-training,200,2024-01-10 11:19:18.998267,1
516,https://www.fortinet.com//resources,200,2024-01-10 11:19:20.254766,1
517,https://www.fortinet.com//support,200,2024-01-10 11:19:22.383364,1
518,https://www.fortinet.com//support/product-downloads,200,2024-01-10 11:19:24.083971,1
519,https://www.fortinet.com//resources/cyberglossary,200,2024-01-10 11:19:25.491441,1
520,https://www.fortinet.com//corporate/careers,200,2024-01-10 11:19:26.673392,1
521,https://www.fortinet.com//corporate/careers/early-talent-program,200,2024-01-10 11:19:27.942999,1
522,https://investor.fortinet.com/,200,2024-01-10 11:19:29.387364,1
523,https://www.fortinet.com//corporate/about-us/corporate-social-responsibility,200,2024-01-10 11:19:30.770259,1
524,https://www.fortinet.com//sitemap,200,2024-01-10 11:19:32.088761,1
525,https://www.fortinet.com//corporate/about-us/privacy,200,2024-01-10 11:19:33.289895,1
526,https://www.fortinet.com/blog,200,2024-01-10 11:19:34.796016,1
527,https://community.fortinet.com,200,2024-01-10 11:19:36.157014,1
528,https://global.fortinet.com/PreferenceCenter,200,2024-01-10 11:19:37.456583,1
529,https://www.fortinet.com//corporate/about-us/contact-us,200,2024-01-10 11:19:38.316691,1
530,https://www.fortinet.com,200,2024-01-10 11:19:39.291618,1
531,https://www.fortinet.com//romain-attanasio,200,2024-01-10 11:19:40.143582,1
532,https://www.fortinet.com//fortinet-championship-au,200,2024-01-10 11:19:41.068327,1
533,https://www.fortinet.com//fortinet-cup-ca,200,2024-01-10 11:19:42.004541,1
534,https://www.fortinet.com//dp-world-tour,200,2024-01-10 11:19:42.948991,1
535,https://www.fortinet.com//fortinet-championship,200,2024-01-10 11:19:43.939597,1
536,https://www.fortinet.com//corporate/about-us/legal,200,2024-01-10 11:19:45.214148,1
537,https://www.fortinet.com//corporate/about-us/privacy,200,2024-01-10 11:19:46.119133,1
538,https://www.fortinet.com//corporate/about-us/privacy#npr-ca,200,2024-01-10 11:19:47.326510,1
539,https://www.fortinet.com//corporate/about-us/privacy/individual-rights,200,2024-01-10 11:19:49.064691,1
540,https://www.fortinet.com//corporate/about-us/gdpr,200,2024-01-10 11:19:50.987956,1
541,https://www.fortinet.com//corporate/about-us/canadian-accessibility,200,2024-01-10 11:19:52.073710,1
